loan_id,borrower_name,property_state,principal_balance,interest_rate,origination_date,maturity_date
LN_CLN_1,Borrower 1,CA,394317,5.50,2024-01-01,2054-01-01
LN_CLN_2,Borrower 2,CA,329106,7.60,2024-01-01,2054-01-01
LN_CLN_3,Borrower 3,CA,171785,9.20,2024-01-01,2054-01-01
LN_CLN_4,Borrower 4,CA,261765,6.00,2024-01-01,2054-01-01
LN_CLN_5,Borrower 5,CA,81930,5.70,2024-01-01,2054-01-01
LN_CLN_6,Borrower 6,CA,402149,9.80,2024-01-01,2054-01-01
LN_CLN_7,Borrower 7,CA,394583,9.70,2024-01-01,2054-01-01
LN_CLN_8,Borrower 8,CA,71999,6.50,2024-01-01,2054-01-01
LN_CLN_9,Borrower 9,CA,269960,8.80,2024-01-01,2054-01-01
LN_CLN_10,Borrower 10,CA,461617,2.30,2024-01-01,2054-01-01
LN_CLN_11,Borrower 11,CA,431434,7.10,2024-01-01,2054-01-01
LN_CLN_12,Borrower 12,CA,233698,5.30,2024-01-01,2054-01-01
LN_CLN_13,Borrower 13,CA,166134,9.10,2024-01-01,2054-01-01
LN_CLN_14,Borrower 14,CA,127615,1.60,2024-01-01,2054-01-01
LN_CLN_15,Borrower 15,CA,293008,2.10,2024-01-01,2054-01-01
LN_CLN_16,Borrower 16,CA,130439,6.20,2024-01-01,2054-01-01
LN_CLN_17,Borrower 17,CA,482519,5.40,2024-01-01,2054-01-01
LN_CLN_18,Borrower 18,CA,212451,1.30,2024-01-01,2054-01-01
LN_CLN_19,Borrower 19,CA,474547,1.70,2024-01-01,2054-01-01
LN_CLN_20,Borrower 20,CA,220693,6.20,2024-01-01,2054-01-01
LN_CLN_21,Borrower 21,CA,143586,2.10,2024-01-01,2054-01-01
LN_CLN_22,Borrower 22,CA,354674,8.50,2024-01-01,2054-01-01
LN_CLN_23,Borrower 23,CA,411860,3.70,2024-01-01,2054-01-01
LN_CLN_24,Borrower 24,CA,487852,8.50,2024-01-01,2054-01-01
LN_CLN_25,Borrower 25,CA,81372,4.80,2024-01-01,2054-01-01
LN_CLN_26,Borrower 26,CA,451465,8.40,2024-01-01,2054-01-01
LN_CLN_27,Borrower 27,CA,186851,1.60,2024-01-01,2054-01-01
LN_CLN_28,Borrower 28,CA,298959,4.10,2024-01-01,2054-01-01
LN_CLN_29,Borrower 29,CA,498345,5.30,2024-01-01,2054-01-01
LN_CLN_30,Borrower 30,CA,116342,4.90,2024-01-01,2054-01-01
LN_CLN_31,Borrower 31,CA,363432,7.50,2024-01-01,2054-01-01
LN_CLN_32,Borrower 32,CA,190649,5.80,2024-01-01,2054-01-01
LN_CLN_33,Borrower 33,CA,332467,2.20,2024-01-01,2054-01-01
LN_CLN_34,Borrower 34,CA,497823,9.30,2024-01-01,2054-01-01
LN_CLN_35,Borrower 35,CA,481160,5.30,2024-01-01,2054-01-01
LN_CLN_36,Borrower 36,CA,446787,3.10,2024-01-01,2054-01-01
LN_CLN_37,Borrower 37,CA,440986,3.90,2024-01-01,2054-01-01
LN_CLN_38,Borrower 38,CA,278532,1.20,2024-01-01,2054-01-01
LN_CLN_39,Borrower 39,CA,355494,5.00,2024-01-01,2054-01-01
LN_CLN_40,Borrower 40,CA,422882,6.70,2024-01-01,2054-01-01
LN_CLN_41,Borrower 41,CA,75910,8.00,2024-01-01,2054-01-01
LN_CLN_42,Borrower 42,CA,245606,4.00,2024-01-01,2054-01-01
LN_CLN_43,Borrower 43,CA,484777,9.20,2024-01-01,2054-01-01
LN_CLN_44,Borrower 44,CA,234231,9.30,2024-01-01,2054-01-01
LN_CLN_45,Borrower 45,CA,72283,7.80,2024-01-01,2054-01-01
LN_CLN_46,Borrower 46,CA,333020,1.90,2024-01-01,2054-01-01
LN_CLN_47,Borrower 47,CA,486221,5.50,2024-01-01,2054-01-01
LN_CLN_48,Borrower 48,CA,115980,8.90,2024-01-01,2054-01-01
LN_CLN_49,Borrower 49,CA,291391,2.70,2024-01-01,2054-01-01
LN_CLN_50,Borrower 50,CA,146300,8.20,2024-01-01,2054-01-01
LN_CLN_51,Borrower 51,CA,497718,9.50,2024-01-01,2054-01-01
LN_CLN_52,Borrower 52,CA,261415,9.90,2024-01-01,2054-01-01
LN_CLN_53,Borrower 53,CA,74897,8.30,2024-01-01,2054-01-01
LN_CLN_54,Borrower 54,CA,230203,9.40,2024-01-01,2054-01-01
LN_CLN_55,Borrower 55,CA,89086,7.00,2024-01-01,2054-01-01
LN_CLN_56,Borrower 56,CA,250900,9.80,2024-01-01,2054-01-01
LN_CLN_57,Borrower 57,CA,308652,1.30,2024-01-01,2054-01-01
LN_CLN_58,Borrower 58,CA,341416,8.90,2024-01-01,2054-01-01
LN_CLN_59,Borrower 59,CA,330858,7.60,2024-01-01,2054-01-01
LN_CLN_60,Borrower 60,CA,65737,5.50,2024-01-01,2054-01-01
LN_CLN_61,Borrower 61,CA,202038,3.40,2024-01-01,2054-01-01
LN_CLN_62,Borrower 62,CA,185755,6.10,2024-01-01,2054-01-01
LN_CLN_63,Borrower 63,CA,297737,6.60,2024-01-01,2054-01-01
LN_CLN_64,Borrower 64,CA,468074,1.90,2024-01-01,2054-01-01
LN_CLN_65,Borrower 65,CA,359610,5.90,2024-01-01,2054-01-01
LN_CLN_66,Borrower 66,CA,214854,3.00,2024-01-01,2054-01-01
LN_CLN_67,Borrower 67,CA,467493,5.20,2024-01-01,2054-01-01
LN_CLN_68,Borrower 68,CA,285498,3.10,2024-01-01,2054-01-01
LN_CLN_69,Borrower 69,CA,65700,5.00,2024-01-01,2054-01-01
LN_CLN_70,Borrower 70,CA,259297,7.60,2024-01-01,2054-01-01
LN_CLN_71,Borrower 71,CA,111574,4.40,2024-01-01,2054-01-01
LN_CLN_72,Borrower 72,CA,99800,8.60,2024-01-01,2054-01-01
LN_CLN_73,Borrower 73,CA,174005,9.70,2024-01-01,2054-01-01
LN_CLN_74,Borrower 74,CA,232982,1.30,2024-01-01,2054-01-01
LN_CLN_75,Borrower 75,CA,348009,7.40,2024-01-01,2054-01-01
LN_CLN_76,Borrower 76,CA,260876,6.50,2024-01-01,2054-01-01
LN_CLN_77,Borrower 77,CA,152602,8.10,2024-01-01,2054-01-01
LN_CLN_78,Borrower 78,CA,64643,8.80,2024-01-01,2054-01-01
LN_CLN_79,Borrower 79,CA,148830,7.90,2024-01-01,2054-01-01
LN_CLN_80,Borrower 80,CA,78768,2.30,2024-01-01,2054-01-01
LN_CLN_81,Borrower 81,CA,268973,7.50,2024-01-01,2054-01-01
LN_CLN_82,Borrower 82,CA,313086,4.30,2024-01-01,2054-01-01
LN_CLN_83,Borrower 83,CA,214770,4.80,2024-01-01,2054-01-01
LN_CLN_84,Borrower 84,CA,482513,7.70,2024-01-01,2054-01-01
LN_CLN_85,Borrower 85,CA,415333,4.20,2024-01-01,2054-01-01
LN_CLN_86,Borrower 86,CA,322317,5.90,2024-01-01,2054-01-01
LN_CLN_87,Borrower 87,CA,153709,5.30,2024-01-01,2054-01-01
LN_CLN_88,Borrower 88,CA,457689,6.10,2024-01-01,2054-01-01
LN_CLN_89,Borrower 89,CA,340612,9.30,2024-01-01,2054-01-01
LN_CLN_90,Borrower 90,CA,332030,6.60,2024-01-01,2054-01-01
LN_CLN_91,Borrower 91,CA,75051,5.00,2024-01-01,2054-01-01
LN_CLN_92,Borrower 92,CA,397658,8.60,2024-01-01,2054-01-01
LN_CLN_93,Borrower 93,CA,297874,8.60,2024-01-01,2054-01-01
LN_CLN_94,Borrower 94,CA,263882,4.40,2024-01-01,2054-01-01
LN_CLN_95,Borrower 95,CA,372905,8.40,2024-01-01,2054-01-01
LN_CLN_96,Borrower 96,CA,477991,7.20,2024-01-01,2054-01-01
LN_CLN_97,Borrower 97,CA,479203,3.60,2024-01-01,2054-01-01
LN_CLN_98,Borrower 98,CA,439283,4.70,2024-01-01,2054-01-01
LN_CLN_99,Borrower 99,CA,313782,7.90,2024-01-01,2054-01-01
LN_CLN_100,Borrower 100,CA,132010,6.10,2024-01-01,2054-01-01
LN_CLN_101,Borrower 101,CA,128188,4.60,2024-01-01,2054-01-01
LN_CLN_102,Borrower 102,CA,256093,2.70,2024-01-01,2054-01-01
LN_CLN_103,Borrower 103,CA,408467,9.90,2024-01-01,2054-01-01
LN_CLN_104,Borrower 104,CA,334253,2.50,2024-01-01,2054-01-01
LN_CLN_105,Borrower 105,CA,340816,6.70,2024-01-01,2054-01-01
LN_CLN_106,Borrower 106,CA,301465,6.00,2024-01-01,2054-01-01
LN_CLN_107,Borrower 107,CA,159591,7.30,2024-01-01,2054-01-01
LN_CLN_108,Borrower 108,CA,139601,8.40,2024-01-01,2054-01-01
LN_CLN_109,Borrower 109,CA,57818,7.60,2024-01-01,2054-01-01
LN_CLN_110,Borrower 110,CA,216854,7.60,2024-01-01,2054-01-01
LN_CLN_111,Borrower 111,CA,246540,5.70,2024-01-01,2054-01-01
LN_CLN_112,Borrower 112,CA,125602,2.60,2024-01-01,2054-01-01
LN_CLN_113,Borrower 113,CA,387718,6.70,2024-01-01,2054-01-01
LN_CLN_114,Borrower 114,CA,412426,3.60,2024-01-01,2054-01-01
LN_CLN_115,Borrower 115,CA,399212,5.10,2024-01-01,2054-01-01
LN_CLN_116,Borrower 116,CA,368923,8.10,2024-01-01,2054-01-01
LN_CLN_117,Borrower 117,CA,70626,7.20,2024-01-01,2054-01-01
LN_CLN_118,Borrower 118,CA,380567,5.20,2024-01-01,2054-01-01
LN_CLN_119,Borrower 119,CA,184283,9.70,2024-01-01,2054-01-01
LN_CLN_120,Borrower 120,CA,286085,7.30,2024-01-01,2054-01-01
LN_CLN_121,Borrower 121,CA,84622,8.80,2024-01-01,2054-01-01
LN_CLN_122,Borrower 122,CA,244585,1.30,2024-01-01,2054-01-01
LN_CLN_123,Borrower 123,CA,334504,6.00,2024-01-01,2054-01-01
LN_CLN_124,Borrower 124,CA,82184,8.60,2024-01-01,2054-01-01
LN_CLN_125,Borrower 125,CA,215338,5.60,2024-01-01,2054-01-01
LN_CLN_126,Borrower 126,CA,271756,4.00,2024-01-01,2054-01-01
LN_CLN_127,Borrower 127,CA,329813,5.70,2024-01-01,2054-01-01
LN_CLN_128,Borrower 128,CA,289926,4.90,2024-01-01,2054-01-01
LN_CLN_129,Borrower 129,CA,436606,3.20,2024-01-01,2054-01-01
LN_CLN_130,Borrower 130,CA,275397,6.10,2024-01-01,2054-01-01
LN_CLN_131,Borrower 131,CA,145872,6.20,2024-01-01,2054-01-01
LN_CLN_132,Borrower 132,CA,334948,1.40,2024-01-01,2054-01-01
LN_CLN_133,Borrower 133,CA,56752,5.90,2024-01-01,2054-01-01
LN_CLN_134,Borrower 134,CA,442740,3.70,2024-01-01,2054-01-01
LN_CLN_135,Borrower 135,CA,345341,1.80,2024-01-01,2054-01-01
LN_CLN_136,Borrower 136,CA,491465,4.40,2024-01-01,2054-01-01
LN_CLN_137,Borrower 137,CA,315651,9.10,2024-01-01,2054-01-01
LN_CLN_138,Borrower 138,CA,436811,2.00,2024-01-01,2054-01-01
LN_CLN_139,Borrower 139,CA,325692,5.10,2024-01-01,2054-01-01
LN_CLN_140,Borrower 140,CA,444109,6.50,2024-01-01,2054-01-01
LN_CLN_141,Borrower 141,CA,444444,5.30,2024-01-01,2054-01-01
LN_CLN_142,Borrower 142,CA,118734,4.60,2024-01-01,2054-01-01
LN_CLN_143,Borrower 143,CA,369748,2.50,2024-01-01,2054-01-01
LN_CLN_144,Borrower 144,CA,392607,4.10,2024-01-01,2054-01-01
LN_CLN_145,Borrower 145,CA,80134,4.30,2024-01-01,2054-01-01
LN_CLN_146,Borrower 146,CA,126864,3.30,2024-01-01,2054-01-01
LN_CLN_147,Borrower 147,CA,112433,7.00,2024-01-01,2054-01-01
LN_CLN_148,Borrower 148,CA,479106,7.60,2024-01-01,2054-01-01
LN_CLN_149,Borrower 149,CA,343099,5.70,2024-01-01,2054-01-01
LN_CLN_150,Borrower 150,CA,446880,1.20,2024-01-01,2054-01-01
LN_CLN_151,Borrower 151,CA,99456,10.00,2024-01-01,2054-01-01
LN_CLN_152,Borrower 152,CA,279941,8.40,2024-01-01,2054-01-01
LN_CLN_153,Borrower 153,CA,205719,5.90,2024-01-01,2054-01-01
LN_CLN_154,Borrower 154,CA,496959,8.70,2024-01-01,2054-01-01
LN_CLN_155,Borrower 155,CA,285544,1.70,2024-01-01,2054-01-01
LN_CLN_156,Borrower 156,CA,298849,9.90,2024-01-01,2054-01-01
LN_CLN_157,Borrower 157,CA,203919,2.50,2024-01-01,2054-01-01
LN_CLN_158,Borrower 158,CA,444117,1.90,2024-01-01,2054-01-01
LN_CLN_159,Borrower 159,CA,65208,5.90,2024-01-01,2054-01-01
LN_CLN_160,Borrower 160,CA,59222,10.00,2024-01-01,2054-01-01
LN_CLN_161,Borrower 161,CA,303074,1.60,2024-01-01,2054-01-01
LN_CLN_162,Borrower 162,CA,362724,3.60,2024-01-01,2054-01-01
LN_CLN_163,Borrower 163,CA,473031,3.70,2024-01-01,2054-01-01
LN_CLN_164,Borrower 164,CA,499218,4.50,2024-01-01,2054-01-01
LN_CLN_165,Borrower 165,CA,141463,5.60,2024-01-01,2054-01-01
LN_CLN_166,Borrower 166,CA,463803,1.00,2024-01-01,2054-01-01
LN_CLN_167,Borrower 167,CA,328811,3.70,2024-01-01,2054-01-01
LN_CLN_168,Borrower 168,CA,220209,4.30,2024-01-01,2054-01-01
LN_CLN_169,Borrower 169,CA,60532,8.20,2024-01-01,2054-01-01
LN_CLN_170,Borrower 170,CA,399643,9.00,2024-01-01,2054-01-01
LN_CLN_171,Borrower 171,CA,165513,4.20,2024-01-01,2054-01-01
LN_CLN_172,Borrower 172,CA,242104,7.00,2024-01-01,2054-01-01
LN_CLN_173,Borrower 173,CA,186305,3.20,2024-01-01,2054-01-01
LN_CLN_174,Borrower 174,CA,264078,1.50,2024-01-01,2054-01-01
LN_CLN_175,Borrower 175,CA,178226,2.30,2024-01-01,2054-01-01
LN_CLN_176,Borrower 176,CA,257203,1.40,2024-01-01,2054-01-01
LN_CLN_177,Borrower 177,CA,262919,4.40,2024-01-01,2054-01-01
LN_CLN_178,Borrower 178,CA,359610,2.20,2024-01-01,2054-01-01
LN_CLN_179,Borrower 179,CA,161682,4.20,2024-01-01,2054-01-01
LN_CLN_180,Borrower 180,CA,420757,4.00,2024-01-01,2054-01-01
LN_CLN_181,Borrower 181,CA,376786,1.40,2024-01-01,2054-01-01
LN_CLN_182,Borrower 182,CA,88069,1.10,2024-01-01,2054-01-01
LN_CLN_183,Borrower 183,CA,465189,5.80,2024-01-01,2054-01-01
LN_CLN_184,Borrower 184,CA,87061,4.20,2024-01-01,2054-01-01
LN_CLN_185,Borrower 185,CA,272141,7.80,2024-01-01,2054-01-01
LN_CLN_186,Borrower 186,CA,257569,5.90,2024-01-01,2054-01-01
LN_CLN_187,Borrower 187,CA,162664,8.30,2024-01-01,2054-01-01
LN_CLN_188,Borrower 188,CA,50094,4.20,2024-01-01,2054-01-01
LN_CLN_189,Borrower 189,CA,287716,7.20,2024-01-01,2054-01-01
LN_CLN_190,Borrower 190,CA,203400,3.50,2024-01-01,2054-01-01
LN_CLN_191,Borrower 191,CA,422886,6.80,2024-01-01,2054-01-01
LN_CLN_192,Borrower 192,CA,137635,9.00,2024-01-01,2054-01-01
LN_CLN_193,Borrower 193,CA,498144,3.40,2024-01-01,2054-01-01
LN_CLN_194,Borrower 194,CA,164767,2.30,2024-01-01,2054-01-01
LN_CLN_195,Borrower 195,CA,345495,9.30,2024-01-01,2054-01-01
LN_CLN_196,Borrower 196,CA,381431,7.20,2024-01-01,2054-01-01
LN_CLN_197,Borrower 197,CA,232173,9.90,2024-01-01,2054-01-01
LN_CLN_198,Borrower 198,CA,365663,1.90,2024-01-01,2054-01-01
LN_CLN_199,Borrower 199,CA,248158,4.80,2024-01-01,2054-01-01
LN_CLN_200,Borrower 200,CA,242672,7.40,2024-01-01,2054-01-01
LN_CLN_201,Borrower 201,CA,488782,5.90,2024-01-01,2054-01-01
LN_CLN_202,Borrower 202,CA,148291,9.50,2024-01-01,2054-01-01
LN_CLN_203,Borrower 203,CA,93197,7.00,2024-01-01,2054-01-01
LN_CLN_204,Borrower 204,CA,364271,9.10,2024-01-01,2054-01-01
LN_CLN_205,Borrower 205,CA,184131,7.80,2024-01-01,2054-01-01
LN_CLN_206,Borrower 206,CA,262204,4.40,2024-01-01,2054-01-01
LN_CLN_207,Borrower 207,CA,279071,1.60,2024-01-01,2054-01-01
LN_CLN_208,Borrower 208,CA,463681,5.90,2024-01-01,2054-01-01
LN_CLN_209,Borrower 209,CA,149510,4.10,2024-01-01,2054-01-01
LN_CLN_210,Borrower 210,CA,162885,1.30,2024-01-01,2054-01-01
LN_CLN_211,Borrower 211,CA,163209,2.20,2024-01-01,2054-01-01
LN_CLN_212,Borrower 212,CA,333547,7.70,2024-01-01,2054-01-01
LN_CLN_213,Borrower 213,CA,215513,1.00,2024-01-01,2054-01-01
LN_CLN_214,Borrower 214,CA,234161,3.70,2024-01-01,2054-01-01
LN_CLN_215,Borrower 215,CA,139833,3.70,2024-01-01,2054-01-01
LN_CLN_216,Borrower 216,CA,192056,3.30,2024-01-01,2054-01-01
LN_CLN_217,Borrower 217,CA,217280,4.70,2024-01-01,2054-01-01
LN_CLN_218,Borrower 218,CA,153049,2.50,2024-01-01,2054-01-01
LN_CLN_219,Borrower 219,CA,72503,2.40,2024-01-01,2054-01-01
LN_CLN_220,Borrower 220,CA,327743,6.60,2024-01-01,2054-01-01
LN_CLN_221,Borrower 221,CA,232831,7.40,2024-01-01,2054-01-01
LN_CLN_222,Borrower 222,CA,341792,1.50,2024-01-01,2054-01-01
LN_CLN_223,Borrower 223,CA,340755,3.40,2024-01-01,2054-01-01
LN_CLN_224,Borrower 224,CA,55783,4.40,2024-01-01,2054-01-01
LN_CLN_225,Borrower 225,CA,224918,4.50,2024-01-01,2054-01-01
LN_CLN_226,Borrower 226,CA,218380,3.80,2024-01-01,2054-01-01
LN_CLN_227,Borrower 227,CA,345246,6.90,2024-01-01,2054-01-01
LN_CLN_228,Borrower 228,CA,78566,5.00,2024-01-01,2054-01-01
LN_CLN_229,Borrower 229,CA,449072,1.90,2024-01-01,2054-01-01
LN_CLN_230,Borrower 230,CA,195600,2.30,2024-01-01,2054-01-01
LN_CLN_231,Borrower 231,CA,259601,1.30,2024-01-01,2054-01-01
LN_CLN_232,Borrower 232,CA,238032,1.10,2024-01-01,2054-01-01
LN_CLN_233,Borrower 233,CA,341806,8.20,2024-01-01,2054-01-01
LN_CLN_234,Borrower 234,CA,443663,4.20,2024-01-01,2054-01-01
LN_CLN_235,Borrower 235,CA,107785,1.60,2024-01-01,2054-01-01
LN_CLN_236,Borrower 236,CA,370754,4.20,2024-01-01,2054-01-01
LN_CLN_237,Borrower 237,CA,369014,10.00,2024-01-01,2054-01-01
LN_CLN_238,Borrower 238,CA,440476,4.90,2024-01-01,2054-01-01
LN_CLN_239,Borrower 239,CA,152545,6.10,2024-01-01,2054-01-01
LN_CLN_240,Borrower 240,CA,238389,6.50,2024-01-01,2054-01-01
LN_CLN_241,Borrower 241,CA,175063,5.40,2024-01-01,2054-01-01
LN_CLN_242,Borrower 242,CA,282194,6.40,2024-01-01,2054-01-01
LN_CLN_243,Borrower 243,CA,346954,1.20,2024-01-01,2054-01-01
LN_CLN_244,Borrower 244,CA,338408,9.50,2024-01-01,2054-01-01
LN_CLN_245,Borrower 245,CA,462038,1.80,2024-01-01,2054-01-01
LN_CLN_246,Borrower 246,CA,93237,6.70,2024-01-01,2054-01-01
LN_CLN_247,Borrower 247,CA,90535,7.30,2024-01-01,2054-01-01
LN_CLN_248,Borrower 248,CA,472838,7.70,2024-01-01,2054-01-01
LN_CLN_249,Borrower 249,CA,486461,8.70,2024-01-01,2054-01-01
LN_CLN_250,Borrower 250,CA,175932,7.20,2024-01-01,2054-01-01
LN_CLN_251,Borrower 251,CA,62632,7.10,2024-01-01,2054-01-01
LN_CLN_252,Borrower 252,CA,296862,4.00,2024-01-01,2054-01-01
LN_CLN_253,Borrower 253,CA,141746,1.10,2024-01-01,2054-01-01
LN_CLN_254,Borrower 254,CA,92926,7.60,2024-01-01,2054-01-01
LN_CLN_255,Borrower 255,CA,286105,9.10,2024-01-01,2054-01-01
LN_CLN_256,Borrower 256,CA,95358,4.10,2024-01-01,2054-01-01
LN_CLN_257,Borrower 257,CA,170368,9.30,2024-01-01,2054-01-01
LN_CLN_258,Borrower 258,CA,293588,6.60,2024-01-01,2054-01-01
LN_CLN_259,Borrower 259,CA,499447,8.40,2024-01-01,2054-01-01
LN_CLN_260,Borrower 260,CA,71943,1.00,2024-01-01,2054-01-01
LN_CLN_261,Borrower 261,CA,405681,8.40,2024-01-01,2054-01-01
LN_CLN_262,Borrower 262,CA,319066,7.80,2024-01-01,2054-01-01
LN_CLN_263,Borrower 263,CA,363457,8.30,2024-01-01,2054-01-01
LN_CLN_264,Borrower 264,CA,383562,9.90,2024-01-01,2054-01-01
LN_CLN_265,Borrower 265,CA,338787,4.60,2024-01-01,2054-01-01
LN_CLN_266,Borrower 266,CA,314003,8.20,2024-01-01,2054-01-01
LN_CLN_267,Borrower 267,CA,175727,6.40,2024-01-01,2054-01-01
LN_CLN_268,Borrower 268,CA,334830,4.80,2024-01-01,2054-01-01
LN_CLN_269,Borrower 269,CA,428357,2.50,2024-01-01,2054-01-01
LN_CLN_270,Borrower 270,CA,206591,4.80,2024-01-01,2054-01-01
LN_CLN_271,Borrower 271,CA,475006,6.70,2024-01-01,2054-01-01
LN_CLN_272,Borrower 272,CA,146393,8.60,2024-01-01,2054-01-01
LN_CLN_273,Borrower 273,CA,205321,2.00,2024-01-01,2054-01-01
LN_CLN_274,Borrower 274,CA,348446,5.00,2024-01-01,2054-01-01
LN_CLN_275,Borrower 275,CA,108354,2.90,2024-01-01,2054-01-01
LN_CLN_276,Borrower 276,CA,434459,9.70,2024-01-01,2054-01-01
LN_CLN_277,Borrower 277,CA,284934,1.30,2024-01-01,2054-01-01
LN_CLN_278,Borrower 278,CA,375475,1.50,2024-01-01,2054-01-01
LN_CLN_279,Borrower 279,CA,156535,1.10,2024-01-01,2054-01-01
LN_CLN_280,Borrower 280,CA,264455,4.50,2024-01-01,2054-01-01
LN_CLN_281,Borrower 281,CA,77575,4.00,2024-01-01,2054-01-01
LN_CLN_282,Borrower 282,CA,376776,3.40,2024-01-01,2054-01-01
LN_CLN_283,Borrower 283,CA,349654,4.70,2024-01-01,2054-01-01
LN_CLN_284,Borrower 284,CA,378212,3.10,2024-01-01,2054-01-01
LN_CLN_285,Borrower 285,CA,312145,8.80,2024-01-01,2054-01-01
LN_CLN_286,Borrower 286,CA,55246,4.10,2024-01-01,2054-01-01
LN_CLN_287,Borrower 287,CA,460005,3.20,2024-01-01,2054-01-01
LN_CLN_288,Borrower 288,CA,251358,8.00,2024-01-01,2054-01-01
LN_CLN_289,Borrower 289,CA,131908,6.70,2024-01-01,2054-01-01
LN_CLN_290,Borrower 290,CA,242487,8.00,2024-01-01,2054-01-01
LN_CLN_291,Borrower 291,CA,125135,7.70,2024-01-01,2054-01-01
LN_CLN_292,Borrower 292,CA,214067,1.70,2024-01-01,2054-01-01
LN_CLN_293,Borrower 293,CA,112300,7.40,2024-01-01,2054-01-01
LN_CLN_294,Borrower 294,CA,163765,7.20,2024-01-01,2054-01-01
LN_CLN_295,Borrower 295,CA,464103,2.70,2024-01-01,2054-01-01
LN_CLN_296,Borrower 296,CA,239044,1.70,2024-01-01,2054-01-01
LN_CLN_297,Borrower 297,CA,62847,7.60,2024-01-01,2054-01-01
LN_CLN_298,Borrower 298,CA,141281,2.90,2024-01-01,2054-01-01
LN_CLN_299,Borrower 299,CA,420731,9.10,2024-01-01,2054-01-01
LN_CLN_300,Borrower 300,CA,316628,7.50,2024-01-01,2054-01-01
LN_CLN_301,Borrower 301,CA,120391,1.60,2024-01-01,2054-01-01
LN_CLN_302,Borrower 302,CA,257486,7.50,2024-01-01,2054-01-01
LN_CLN_303,Borrower 303,CA,160875,3.10,2024-01-01,2054-01-01
LN_CLN_304,Borrower 304,CA,258791,7.20,2024-01-01,2054-01-01
LN_CLN_305,Borrower 305,CA,349251,3.50,2024-01-01,2054-01-01
LN_CLN_306,Borrower 306,CA,108162,8.50,2024-01-01,2054-01-01
LN_CLN_307,Borrower 307,CA,127147,8.20,2024-01-01,2054-01-01
LN_CLN_308,Borrower 308,CA,275217,6.50,2024-01-01,2054-01-01
LN_CLN_309,Borrower 309,CA,203477,7.70,2024-01-01,2054-01-01
LN_CLN_310,Borrower 310,CA,332785,2.90,2024-01-01,2054-01-01
LN_CLN_311,Borrower 311,CA,479869,4.30,2024-01-01,2054-01-01
LN_CLN_312,Borrower 312,CA,216078,2.50,2024-01-01,2054-01-01
LN_CLN_313,Borrower 313,CA,179451,4.90,2024-01-01,2054-01-01
LN_CLN_314,Borrower 314,CA,146715,6.30,2024-01-01,2054-01-01
LN_CLN_315,Borrower 315,CA,300215,6.20,2024-01-01,2054-01-01
LN_CLN_316,Borrower 316,CA,175462,2.40,2024-01-01,2054-01-01
LN_CLN_317,Borrower 317,CA,146180,2.70,2024-01-01,2054-01-01
LN_CLN_318,Borrower 318,CA,252438,2.20,2024-01-01,2054-01-01
LN_CLN_319,Borrower 319,CA,439374,3.20,2024-01-01,2054-01-01
LN_CLN_320,Borrower 320,CA,243534,6.30,2024-01-01,2054-01-01
LN_CLN_321,Borrower 321,CA,115716,6.50,2024-01-01,2054-01-01
LN_CLN_322,Borrower 322,CA,271430,4.60,2024-01-01,2054-01-01
LN_CLN_323,Borrower 323,CA,210394,3.60,2024-01-01,2054-01-01
LN_CLN_324,Borrower 324,CA,439281,2.60,2024-01-01,2054-01-01
LN_CLN_325,Borrower 325,CA,283474,9.60,2024-01-01,2054-01-01
LN_CLN_326,Borrower 326,CA,400784,4.90,2024-01-01,2054-01-01
LN_CLN_327,Borrower 327,CA,124337,6.00,2024-01-01,2054-01-01
LN_CLN_328,Borrower 328,CA,123093,9.60,2024-01-01,2054-01-01
LN_CLN_329,Borrower 329,CA,331098,8.20,2024-01-01,2054-01-01
LN_CLN_330,Borrower 330,CA,141960,1.40,2024-01-01,2054-01-01
LN_CLN_331,Borrower 331,CA,415071,4.70,2024-01-01,2054-01-01
LN_CLN_332,Borrower 332,CA,259840,6.50,2024-01-01,2054-01-01
LN_CLN_333,Borrower 333,CA,227942,1.10,2024-01-01,2054-01-01
LN_CLN_334,Borrower 334,CA,129151,2.40,2024-01-01,2054-01-01
LN_CLN_335,Borrower 335,CA,330165,9.60,2024-01-01,2054-01-01
LN_CLN_336,Borrower 336,CA,70609,2.60,2024-01-01,2054-01-01
LN_CLN_337,Borrower 337,CA,346879,5.70,2024-01-01,2054-01-01
LN_CLN_338,Borrower 338,CA,280471,1.50,2024-01-01,2054-01-01
LN_CLN_339,Borrower 339,CA,346774,2.80,2024-01-01,2054-01-01
LN_CLN_340,Borrower 340,CA,208000,9.40,2024-01-01,2054-01-01
LN_CLN_341,Borrower 341,CA,369279,7.00,2024-01-01,2054-01-01
LN_CLN_342,Borrower 342,CA,398783,8.90,2024-01-01,2054-01-01
LN_CLN_343,Borrower 343,CA,264274,9.30,2024-01-01,2054-01-01
LN_CLN_344,Borrower 344,CA,248585,1.60,2024-01-01,2054-01-01
LN_CLN_345,Borrower 345,CA,173477,2.70,2024-01-01,2054-01-01
LN_CLN_346,Borrower 346,CA,374957,3.00,2024-01-01,2054-01-01
LN_CLN_347,Borrower 347,CA,422550,4.20,2024-01-01,2054-01-01
LN_CLN_348,Borrower 348,CA,234019,3.50,2024-01-01,2054-01-01
LN_CLN_349,Borrower 349,CA,291873,2.30,2024-01-01,2054-01-01
LN_CLN_350,Borrower 350,CA,212314,8.00,2024-01-01,2054-01-01
LN_CLN_351,Borrower 351,CA,272182,7.90,2024-01-01,2054-01-01
LN_CLN_352,Borrower 352,CA,424200,3.20,2024-01-01,2054-01-01
LN_CLN_353,Borrower 353,CA,449783,9.00,2024-01-01,2054-01-01
LN_CLN_354,Borrower 354,CA,57612,2.10,2024-01-01,2054-01-01
LN_CLN_355,Borrower 355,CA,429907,2.40,2024-01-01,2054-01-01
LN_CLN_356,Borrower 356,CA,398853,1.30,2024-01-01,2054-01-01
LN_CLN_357,Borrower 357,CA,190598,1.10,2024-01-01,2054-01-01
LN_CLN_358,Borrower 358,CA,413588,3.90,2024-01-01,2054-01-01
LN_CLN_359,Borrower 359,CA,55403,6.70,2024-01-01,2054-01-01
LN_CLN_360,Borrower 360,CA,433391,5.50,2024-01-01,2054-01-01
LN_CLN_361,Borrower 361,CA,80800,6.20,2024-01-01,2054-01-01
LN_CLN_362,Borrower 362,CA,101207,8.40,2024-01-01,2054-01-01
LN_CLN_363,Borrower 363,CA,146075,2.90,2024-01-01,2054-01-01
LN_CLN_364,Borrower 364,CA,318245,1.20,2024-01-01,2054-01-01
LN_CLN_365,Borrower 365,CA,374748,5.80,2024-01-01,2054-01-01
LN_CLN_366,Borrower 366,CA,445688,3.50,2024-01-01,2054-01-01
LN_CLN_367,Borrower 367,CA,333347,9.60,2024-01-01,2054-01-01
LN_CLN_368,Borrower 368,CA,391677,5.10,2024-01-01,2054-01-01
LN_CLN_369,Borrower 369,CA,178411,3.60,2024-01-01,2054-01-01
LN_CLN_370,Borrower 370,CA,148193,2.30,2024-01-01,2054-01-01
LN_CLN_371,Borrower 371,CA,96173,5.20,2024-01-01,2054-01-01
LN_CLN_372,Borrower 372,CA,66159,3.50,2024-01-01,2054-01-01
LN_CLN_373,Borrower 373,CA,186842,4.20,2024-01-01,2054-01-01
LN_CLN_374,Borrower 374,CA,261724,4.70,2024-01-01,2054-01-01
LN_CLN_375,Borrower 375,CA,458861,3.20,2024-01-01,2054-01-01
LN_CLN_376,Borrower 376,CA,317154,8.40,2024-01-01,2054-01-01
LN_CLN_377,Borrower 377,CA,270568,7.10,2024-01-01,2054-01-01
LN_CLN_378,Borrower 378,CA,180193,5.70,2024-01-01,2054-01-01
LN_CLN_379,Borrower 379,CA,190682,2.60,2024-01-01,2054-01-01
LN_CLN_380,Borrower 380,CA,130598,5.60,2024-01-01,2054-01-01
LN_CLN_381,Borrower 381,CA,282835,10.00,2024-01-01,2054-01-01
LN_CLN_382,Borrower 382,CA,484860,7.10,2024-01-01,2054-01-01
LN_CLN_383,Borrower 383,CA,141507,5.50,2024-01-01,2054-01-01
LN_CLN_384,Borrower 384,CA,218278,8.20,2024-01-01,2054-01-01
LN_CLN_385,Borrower 385,CA,367711,2.50,2024-01-01,2054-01-01
LN_CLN_386,Borrower 386,CA,454538,3.20,2024-01-01,2054-01-01
LN_CLN_387,Borrower 387,CA,482576,5.90,2024-01-01,2054-01-01
LN_CLN_388,Borrower 388,CA,77143,9.10,2024-01-01,2054-01-01
LN_CLN_389,Borrower 389,CA,130590,4.90,2024-01-01,2054-01-01
LN_CLN_390,Borrower 390,CA,100978,7.30,2024-01-01,2054-01-01
LN_CLN_391,Borrower 391,CA,318465,6.30,2024-01-01,2054-01-01
LN_CLN_392,Borrower 392,CA,131509,3.80,2024-01-01,2054-01-01
LN_CLN_393,Borrower 393,CA,402912,1.20,2024-01-01,2054-01-01
LN_CLN_394,Borrower 394,CA,424974,5.50,2024-01-01,2054-01-01
LN_CLN_395,Borrower 395,CA,121521,6.00,2024-01-01,2054-01-01
LN_CLN_396,Borrower 396,CA,311385,5.40,2024-01-01,2054-01-01
LN_CLN_397,Borrower 397,CA,115638,1.80,2024-01-01,2054-01-01
LN_CLN_398,Borrower 398,CA,101369,2.60,2024-01-01,2054-01-01
LN_CLN_399,Borrower 399,CA,309417,8.40,2024-01-01,2054-01-01
LN_CLN_400,Borrower 400,CA,437332,8.30,2024-01-01,2054-01-01
LN_CLN_401,Borrower 401,CA,405339,5.90,2024-01-01,2054-01-01
LN_CLN_402,Borrower 402,CA,495052,8.50,2024-01-01,2054-01-01
LN_CLN_403,Borrower 403,CA,416528,6.60,2024-01-01,2054-01-01
LN_CLN_404,Borrower 404,CA,81033,4.30,2024-01-01,2054-01-01
LN_CLN_405,Borrower 405,CA,85932,3.70,2024-01-01,2054-01-01
LN_CLN_406,Borrower 406,CA,454850,9.50,2024-01-01,2054-01-01
LN_CLN_407,Borrower 407,CA,236383,7.90,2024-01-01,2054-01-01
LN_CLN_408,Borrower 408,CA,265522,2.50,2024-01-01,2054-01-01
LN_CLN_409,Borrower 409,CA,312458,2.20,2024-01-01,2054-01-01
LN_CLN_410,Borrower 410,CA,138513,9.80,2024-01-01,2054-01-01
LN_CLN_411,Borrower 411,CA,459462,8.80,2024-01-01,2054-01-01
LN_CLN_412,Borrower 412,CA,174212,5.10,2024-01-01,2054-01-01
LN_CLN_413,Borrower 413,CA,323309,6.90,2024-01-01,2054-01-01
LN_CLN_414,Borrower 414,CA,394029,8.40,2024-01-01,2054-01-01
LN_CLN_415,Borrower 415,CA,428653,8.70,2024-01-01,2054-01-01
LN_CLN_416,Borrower 416,CA,432939,2.20,2024-01-01,2054-01-01
LN_CLN_417,Borrower 417,CA,92619,5.30,2024-01-01,2054-01-01
LN_CLN_418,Borrower 418,CA,259784,3.20,2024-01-01,2054-01-01
LN_CLN_419,Borrower 419,CA,267154,4.00,2024-01-01,2054-01-01
LN_CLN_420,Borrower 420,CA,236029,9.70,2024-01-01,2054-01-01
LN_CLN_421,Borrower 421,CA,445498,1.50,2024-01-01,2054-01-01
LN_CLN_422,Borrower 422,CA,233988,7.80,2024-01-01,2054-01-01
LN_CLN_423,Borrower 423,CA,245696,1.10,2024-01-01,2054-01-01
LN_CLN_424,Borrower 424,CA,170275,5.90,2024-01-01,2054-01-01
LN_CLN_425,Borrower 425,CA,272965,10.00,2024-01-01,2054-01-01
LN_CLN_426,Borrower 426,CA,318495,9.40,2024-01-01,2054-01-01
LN_CLN_427,Borrower 427,CA,472173,3.70,2024-01-01,2054-01-01
LN_CLN_428,Borrower 428,CA,219493,6.90,2024-01-01,2054-01-01
LN_CLN_429,Borrower 429,CA,97188,10.00,2024-01-01,2054-01-01
LN_CLN_430,Borrower 430,CA,79037,6.80,2024-01-01,2054-01-01
LN_CLN_431,Borrower 431,CA,114557,1.80,2024-01-01,2054-01-01
LN_CLN_432,Borrower 432,CA,125981,4.70,2024-01-01,2054-01-01
LN_CLN_433,Borrower 433,CA,386325,7.00,2024-01-01,2054-01-01
LN_CLN_434,Borrower 434,CA,215899,1.40,2024-01-01,2054-01-01
LN_CLN_435,Borrower 435,CA,370977,4.80,2024-01-01,2054-01-01
LN_CLN_436,Borrower 436,CA,292322,1.70,2024-01-01,2054-01-01
LN_CLN_437,Borrower 437,CA,247918,8.00,2024-01-01,2054-01-01
LN_CLN_438,Borrower 438,CA,254616,4.90,2024-01-01,2054-01-01
LN_CLN_439,Borrower 439,CA,462319,8.40,2024-01-01,2054-01-01
LN_CLN_440,Borrower 440,CA,249596,8.70,2024-01-01,2054-01-01
LN_CLN_441,Borrower 441,CA,140296,2.20,2024-01-01,2054-01-01
LN_CLN_442,Borrower 442,CA,489124,7.00,2024-01-01,2054-01-01
LN_CLN_443,Borrower 443,CA,134269,5.10,2024-01-01,2054-01-01
LN_CLN_444,Borrower 444,CA,124593,1.40,2024-01-01,2054-01-01
LN_CLN_445,Borrower 445,CA,390884,1.50,2024-01-01,2054-01-01
LN_CLN_446,Borrower 446,CA,343497,5.40,2024-01-01,2054-01-01
LN_CLN_447,Borrower 447,CA,434324,9.70,2024-01-01,2054-01-01
LN_CLN_448,Borrower 448,CA,375575,6.70,2024-01-01,2054-01-01
LN_CLN_449,Borrower 449,CA,453855,2.50,2024-01-01,2054-01-01
LN_CLN_450,Borrower 450,CA,66684,9.60,2024-01-01,2054-01-01
LN_CLN_451,Borrower 451,CA,289975,1.60,2024-01-01,2054-01-01
LN_CLN_452,Borrower 452,CA,395487,9.40,2024-01-01,2054-01-01
LN_CLN_453,Borrower 453,CA,51177,6.00,2024-01-01,2054-01-01
LN_CLN_454,Borrower 454,CA,250957,3.70,2024-01-01,2054-01-01
LN_CLN_455,Borrower 455,CA,94623,4.10,2024-01-01,2054-01-01
LN_CLN_456,Borrower 456,CA,154736,2.80,2024-01-01,2054-01-01
LN_CLN_457,Borrower 457,CA,454558,5.60,2024-01-01,2054-01-01
LN_CLN_458,Borrower 458,CA,86978,7.20,2024-01-01,2054-01-01
LN_CLN_459,Borrower 459,CA,258965,1.80,2024-01-01,2054-01-01
LN_CLN_460,Borrower 460,CA,385296,5.90,2024-01-01,2054-01-01
LN_CLN_461,Borrower 461,CA,377267,2.50,2024-01-01,2054-01-01
LN_CLN_462,Borrower 462,CA,448111,6.20,2024-01-01,2054-01-01
LN_CLN_463,Borrower 463,CA,254443,1.60,2024-01-01,2054-01-01
LN_CLN_464,Borrower 464,CA,108834,8.90,2024-01-01,2054-01-01
LN_CLN_465,Borrower 465,CA,232583,3.10,2024-01-01,2054-01-01
LN_CLN_466,Borrower 466,CA,454560,3.80,2024-01-01,2054-01-01
LN_CLN_467,Borrower 467,CA,389019,9.90,2024-01-01,2054-01-01
LN_CLN_468,Borrower 468,CA,92751,6.70,2024-01-01,2054-01-01
LN_CLN_469,Borrower 469,CA,305158,3.50,2024-01-01,2054-01-01
LN_CLN_470,Borrower 470,CA,69967,1.00,2024-01-01,2054-01-01
LN_CLN_471,Borrower 471,CA,270507,4.70,2024-01-01,2054-01-01
LN_CLN_472,Borrower 472,CA,50858,8.30,2024-01-01,2054-01-01
LN_CLN_473,Borrower 473,CA,135360,4.00,2024-01-01,2054-01-01
LN_CLN_474,Borrower 474,CA,349813,1.50,2024-01-01,2054-01-01
LN_CLN_475,Borrower 475,CA,112146,5.40,2024-01-01,2054-01-01
LN_CLN_476,Borrower 476,CA,272964,1.10,2024-01-01,2054-01-01
LN_CLN_477,Borrower 477,CA,346349,4.70,2024-01-01,2054-01-01
LN_CLN_478,Borrower 478,CA,384869,4.60,2024-01-01,2054-01-01
LN_CLN_479,Borrower 479,CA,124055,5.10,2024-01-01,2054-01-01
LN_CLN_480,Borrower 480,CA,275927,3.20,2024-01-01,2054-01-01
LN_CLN_481,Borrower 481,CA,411602,2.10,2024-01-01,2054-01-01
LN_CLN_482,Borrower 482,CA,493058,8.80,2024-01-01,2054-01-01
LN_CLN_483,Borrower 483,CA,86724,6.20,2024-01-01,2054-01-01
LN_CLN_484,Borrower 484,CA,240747,3.60,2024-01-01,2054-01-01
LN_CLN_485,Borrower 485,CA,330840,4.80,2024-01-01,2054-01-01
LN_CLN_486,Borrower 486,CA,73124,9.20,2024-01-01,2054-01-01
LN_CLN_487,Borrower 487,CA,129638,4.70,2024-01-01,2054-01-01
LN_CLN_488,Borrower 488,CA,383278,4.80,2024-01-01,2054-01-01
LN_CLN_489,Borrower 489,CA,120250,5.40,2024-01-01,2054-01-01
LN_CLN_490,Borrower 490,CA,440036,9.80,2024-01-01,2054-01-01
LN_CLN_491,Borrower 491,CA,81793,8.30,2024-01-01,2054-01-01
LN_CLN_492,Borrower 492,CA,81153,5.80,2024-01-01,2054-01-01
LN_CLN_493,Borrower 493,CA,247648,8.20,2024-01-01,2054-01-01
LN_CLN_494,Borrower 494,CA,237383,3.80,2024-01-01,2054-01-01
LN_CLN_495,Borrower 495,CA,485448,9.50,2024-01-01,2054-01-01
LN_CLN_496,Borrower 496,CA,133111,8.80,2024-01-01,2054-01-01
LN_CLN_497,Borrower 497,CA,458185,9.40,2024-01-01,2054-01-01
LN_CLN_498,Borrower 498,CA,119352,4.20,2024-01-01,2054-01-01
LN_CLN_499,Borrower 499,CA,400748,2.50,2024-01-01,2054-01-01
LN_CLN_500,Borrower 500,CA,205243,6.50,2024-01-01,2054-01-01
LN_CLN_501,Borrower 501,CA,381760,4.60,2024-01-01,2054-01-01
LN_CLN_502,Borrower 502,CA,192214,4.00,2024-01-01,2054-01-01
LN_CLN_503,Borrower 503,CA,240440,2.60,2024-01-01,2054-01-01
LN_CLN_504,Borrower 504,CA,275825,5.40,2024-01-01,2054-01-01
LN_CLN_505,Borrower 505,CA,188943,9.60,2024-01-01,2054-01-01
LN_CLN_506,Borrower 506,CA,281958,3.60,2024-01-01,2054-01-01
LN_CLN_507,Borrower 507,CA,246100,2.20,2024-01-01,2054-01-01
LN_CLN_508,Borrower 508,CA,354112,2.80,2024-01-01,2054-01-01
LN_CLN_509,Borrower 509,CA,179748,9.50,2024-01-01,2054-01-01
LN_CLN_510,Borrower 510,CA,480059,3.80,2024-01-01,2054-01-01
LN_CLN_511,Borrower 511,CA,301100,5.80,2024-01-01,2054-01-01
LN_CLN_512,Borrower 512,CA,396377,7.00,2024-01-01,2054-01-01
LN_CLN_513,Borrower 513,CA,175235,9.60,2024-01-01,2054-01-01
LN_CLN_514,Borrower 514,CA,375759,1.50,2024-01-01,2054-01-01
LN_CLN_515,Borrower 515,CA,166320,6.40,2024-01-01,2054-01-01
LN_CLN_516,Borrower 516,CA,370664,5.00,2024-01-01,2054-01-01
LN_CLN_517,Borrower 517,CA,105638,5.40,2024-01-01,2054-01-01
LN_CLN_518,Borrower 518,CA,371684,1.20,2024-01-01,2054-01-01
LN_CLN_519,Borrower 519,CA,106600,6.30,2024-01-01,2054-01-01
LN_CLN_520,Borrower 520,CA,357518,2.10,2024-01-01,2054-01-01
LN_CLN_521,Borrower 521,CA,175279,9.90,2024-01-01,2054-01-01
LN_CLN_522,Borrower 522,CA,184499,4.90,2024-01-01,2054-01-01
LN_CLN_523,Borrower 523,CA,419414,10.00,2024-01-01,2054-01-01
LN_CLN_524,Borrower 524,CA,272875,4.70,2024-01-01,2054-01-01
LN_CLN_525,Borrower 525,CA,149545,7.80,2024-01-01,2054-01-01
LN_CLN_526,Borrower 526,CA,464042,2.30,2024-01-01,2054-01-01
LN_CLN_527,Borrower 527,CA,469770,1.30,2024-01-01,2054-01-01
LN_CLN_528,Borrower 528,CA,240653,4.70,2024-01-01,2054-01-01
LN_CLN_529,Borrower 529,CA,331134,8.20,2024-01-01,2054-01-01
LN_CLN_530,Borrower 530,CA,275821,6.30,2024-01-01,2054-01-01
LN_CLN_531,Borrower 531,CA,400570,7.50,2024-01-01,2054-01-01
LN_CLN_532,Borrower 532,CA,114372,8.90,2024-01-01,2054-01-01
LN_CLN_533,Borrower 533,CA,200283,2.70,2024-01-01,2054-01-01
LN_CLN_534,Borrower 534,CA,329013,4.40,2024-01-01,2054-01-01
LN_CLN_535,Borrower 535,CA,483368,2.80,2024-01-01,2054-01-01
LN_CLN_536,Borrower 536,CA,293436,8.10,2024-01-01,2054-01-01
LN_CLN_537,Borrower 537,CA,122275,2.10,2024-01-01,2054-01-01
LN_CLN_538,Borrower 538,CA,271105,8.00,2024-01-01,2054-01-01
LN_CLN_539,Borrower 539,CA,201918,3.20,2024-01-01,2054-01-01
LN_CLN_540,Borrower 540,CA,327655,5.80,2024-01-01,2054-01-01
LN_CLN_541,Borrower 541,CA,71505,10.00,2024-01-01,2054-01-01
LN_CLN_542,Borrower 542,CA,410092,4.20,2024-01-01,2054-01-01
LN_CLN_543,Borrower 543,CA,352675,8.00,2024-01-01,2054-01-01
LN_CLN_544,Borrower 544,CA,267490,2.20,2024-01-01,2054-01-01
LN_CLN_545,Borrower 545,CA,358452,8.80,2024-01-01,2054-01-01
LN_CLN_546,Borrower 546,CA,414498,4.30,2024-01-01,2054-01-01
LN_CLN_547,Borrower 547,CA,351483,7.30,2024-01-01,2054-01-01
LN_CLN_548,Borrower 548,CA,266675,8.00,2024-01-01,2054-01-01
LN_CLN_549,Borrower 549,CA,398353,1.50,2024-01-01,2054-01-01
LN_CLN_550,Borrower 550,CA,118564,3.50,2024-01-01,2054-01-01
LN_CLN_551,Borrower 551,CA,328684,6.40,2024-01-01,2054-01-01
LN_CLN_552,Borrower 552,CA,194547,5.70,2024-01-01,2054-01-01
LN_CLN_553,Borrower 553,CA,95282,1.40,2024-01-01,2054-01-01
LN_CLN_554,Borrower 554,CA,473415,9.80,2024-01-01,2054-01-01
LN_CLN_555,Borrower 555,CA,290352,7.50,2024-01-01,2054-01-01
LN_CLN_556,Borrower 556,CA,82650,3.70,2024-01-01,2054-01-01
LN_CLN_557,Borrower 557,CA,195150,8.30,2024-01-01,2054-01-01
LN_CLN_558,Borrower 558,CA,253054,5.80,2024-01-01,2054-01-01
LN_CLN_559,Borrower 559,CA,169765,3.40,2024-01-01,2054-01-01
LN_CLN_560,Borrower 560,CA,489375,4.80,2024-01-01,2054-01-01
LN_CLN_561,Borrower 561,CA,80292,2.30,2024-01-01,2054-01-01
LN_CLN_562,Borrower 562,CA,440573,8.90,2024-01-01,2054-01-01
LN_CLN_563,Borrower 563,CA,456912,7.30,2024-01-01,2054-01-01
LN_CLN_564,Borrower 564,CA,138095,5.80,2024-01-01,2054-01-01
LN_CLN_565,Borrower 565,CA,464916,3.30,2024-01-01,2054-01-01
LN_CLN_566,Borrower 566,CA,135628,1.60,2024-01-01,2054-01-01
LN_CLN_567,Borrower 567,CA,194621,6.50,2024-01-01,2054-01-01
LN_CLN_568,Borrower 568,CA,140856,1.00,2024-01-01,2054-01-01
LN_CLN_569,Borrower 569,CA,371885,1.80,2024-01-01,2054-01-01
LN_CLN_570,Borrower 570,CA,212630,3.10,2024-01-01,2054-01-01
LN_CLN_571,Borrower 571,CA,221519,5.60,2024-01-01,2054-01-01
LN_CLN_572,Borrower 572,CA,341222,2.10,2024-01-01,2054-01-01
LN_CLN_573,Borrower 573,CA,181897,6.10,2024-01-01,2054-01-01
LN_CLN_574,Borrower 574,CA,293096,3.70,2024-01-01,2054-01-01
LN_CLN_575,Borrower 575,CA,470957,7.10,2024-01-01,2054-01-01
LN_CLN_576,Borrower 576,CA,263638,7.80,2024-01-01,2054-01-01
LN_CLN_577,Borrower 577,CA,195430,7.40,2024-01-01,2054-01-01
LN_CLN_578,Borrower 578,CA,170216,6.90,2024-01-01,2054-01-01
LN_CLN_579,Borrower 579,CA,143177,3.00,2024-01-01,2054-01-01
LN_CLN_580,Borrower 580,CA,310384,5.00,2024-01-01,2054-01-01
LN_CLN_581,Borrower 581,CA,459621,4.60,2024-01-01,2054-01-01
LN_CLN_582,Borrower 582,CA,467004,8.70,2024-01-01,2054-01-01
LN_CLN_583,Borrower 583,CA,351328,6.30,2024-01-01,2054-01-01
LN_CLN_584,Borrower 584,CA,421487,8.30,2024-01-01,2054-01-01
LN_CLN_585,Borrower 585,CA,172658,6.30,2024-01-01,2054-01-01
LN_CLN_586,Borrower 586,CA,360582,2.30,2024-01-01,2054-01-01
LN_CLN_587,Borrower 587,CA,487324,5.40,2024-01-01,2054-01-01
LN_CLN_588,Borrower 588,CA,78838,1.00,2024-01-01,2054-01-01
LN_CLN_589,Borrower 589,CA,135982,3.70,2024-01-01,2054-01-01
LN_CLN_590,Borrower 590,CA,128193,4.50,2024-01-01,2054-01-01
LN_CLN_591,Borrower 591,CA,276101,5.70,2024-01-01,2054-01-01
LN_CLN_592,Borrower 592,CA,94454,6.70,2024-01-01,2054-01-01
LN_CLN_593,Borrower 593,CA,239921,7.80,2024-01-01,2054-01-01
LN_CLN_594,Borrower 594,CA,306911,8.10,2024-01-01,2054-01-01
LN_CLN_595,Borrower 595,CA,225470,4.60,2024-01-01,2054-01-01
LN_CLN_596,Borrower 596,CA,457617,3.40,2024-01-01,2054-01-01
LN_CLN_597,Borrower 597,CA,91396,7.80,2024-01-01,2054-01-01
LN_CLN_598,Borrower 598,CA,498608,4.20,2024-01-01,2054-01-01
LN_CLN_599,Borrower 599,CA,385898,2.30,2024-01-01,2054-01-01
LN_CLN_600,Borrower 600,CA,240379,8.80,2024-01-01,2054-01-01
LN_CLN_601,Borrower 601,CA,136692,8.40,2024-01-01,2054-01-01
LN_CLN_602,Borrower 602,CA,480727,3.60,2024-01-01,2054-01-01
LN_CLN_603,Borrower 603,CA,433914,9.60,2024-01-01,2054-01-01
LN_CLN_604,Borrower 604,CA,211255,6.20,2024-01-01,2054-01-01
LN_CLN_605,Borrower 605,CA,139984,6.80,2024-01-01,2054-01-01
LN_CLN_606,Borrower 606,CA,253800,6.30,2024-01-01,2054-01-01
LN_CLN_607,Borrower 607,CA,398456,7.50,2024-01-01,2054-01-01
LN_CLN_608,Borrower 608,CA,315486,6.00,2024-01-01,2054-01-01
LN_CLN_609,Borrower 609,CA,271282,7.70,2024-01-01,2054-01-01
LN_CLN_610,Borrower 610,CA,438258,2.70,2024-01-01,2054-01-01
LN_CLN_611,Borrower 611,CA,323433,2.40,2024-01-01,2054-01-01
LN_CLN_612,Borrower 612,CA,196910,3.00,2024-01-01,2054-01-01
LN_CLN_613,Borrower 613,CA,271844,8.60,2024-01-01,2054-01-01
LN_CLN_614,Borrower 614,CA,310582,9.70,2024-01-01,2054-01-01
LN_CLN_615,Borrower 615,CA,405018,9.00,2024-01-01,2054-01-01
LN_CLN_616,Borrower 616,CA,148693,7.70,2024-01-01,2054-01-01
LN_CLN_617,Borrower 617,CA,203617,1.40,2024-01-01,2054-01-01
LN_CLN_618,Borrower 618,CA,80574,8.30,2024-01-01,2054-01-01
LN_CLN_619,Borrower 619,CA,409468,2.70,2024-01-01,2054-01-01
LN_CLN_620,Borrower 620,CA,81174,4.30,2024-01-01,2054-01-01
LN_CLN_621,Borrower 621,CA,270926,1.00,2024-01-01,2054-01-01
LN_CLN_622,Borrower 622,CA,494191,1.50,2024-01-01,2054-01-01
LN_CLN_623,Borrower 623,CA,465796,9.80,2024-01-01,2054-01-01
LN_CLN_624,Borrower 624,CA,237003,9.50,2024-01-01,2054-01-01
LN_CLN_625,Borrower 625,CA,402635,9.60,2024-01-01,2054-01-01
LN_CLN_626,Borrower 626,CA,426112,4.00,2024-01-01,2054-01-01
LN_CLN_627,Borrower 627,CA,459623,1.80,2024-01-01,2054-01-01
LN_CLN_628,Borrower 628,CA,499080,6.60,2024-01-01,2054-01-01
LN_CLN_629,Borrower 629,CA,303632,2.10,2024-01-01,2054-01-01
LN_CLN_630,Borrower 630,CA,466768,6.00,2024-01-01,2054-01-01
LN_CLN_631,Borrower 631,CA,376700,7.80,2024-01-01,2054-01-01
LN_CLN_632,Borrower 632,CA,488136,3.90,2024-01-01,2054-01-01
LN_CLN_633,Borrower 633,CA,64754,6.80,2024-01-01,2054-01-01
LN_CLN_634,Borrower 634,CA,419573,7.40,2024-01-01,2054-01-01
LN_CLN_635,Borrower 635,CA,87334,1.70,2024-01-01,2054-01-01
LN_CLN_636,Borrower 636,CA,213743,7.40,2024-01-01,2054-01-01
LN_CLN_637,Borrower 637,CA,341414,1.60,2024-01-01,2054-01-01
LN_CLN_638,Borrower 638,CA,255310,4.00,2024-01-01,2054-01-01
LN_CLN_639,Borrower 639,CA,156011,9.50,2024-01-01,2054-01-01
LN_CLN_640,Borrower 640,CA,334372,3.20,2024-01-01,2054-01-01
LN_CLN_641,Borrower 641,CA,487658,7.30,2024-01-01,2054-01-01
LN_CLN_642,Borrower 642,CA,367421,3.80,2024-01-01,2054-01-01
LN_CLN_643,Borrower 643,CA,414208,3.50,2024-01-01,2054-01-01
LN_CLN_644,Borrower 644,CA,113806,6.10,2024-01-01,2054-01-01
LN_CLN_645,Borrower 645,CA,160342,2.20,2024-01-01,2054-01-01
LN_CLN_646,Borrower 646,CA,282034,7.80,2024-01-01,2054-01-01
LN_CLN_647,Borrower 647,CA,407662,6.80,2024-01-01,2054-01-01
LN_CLN_648,Borrower 648,CA,137538,4.00,2024-01-01,2054-01-01
LN_CLN_649,Borrower 649,CA,220984,8.90,2024-01-01,2054-01-01
LN_CLN_650,Borrower 650,CA,258496,2.50,2024-01-01,2054-01-01
LN_CLN_651,Borrower 651,CA,59530,7.70,2024-01-01,2054-01-01
LN_CLN_652,Borrower 652,CA,469954,8.70,2024-01-01,2054-01-01
LN_CLN_653,Borrower 653,CA,141080,4.90,2024-01-01,2054-01-01
LN_CLN_654,Borrower 654,CA,363369,8.40,2024-01-01,2054-01-01
LN_CLN_655,Borrower 655,CA,452300,7.50,2024-01-01,2054-01-01
LN_CLN_656,Borrower 656,CA,220986,8.30,2024-01-01,2054-01-01
LN_CLN_657,Borrower 657,CA,441458,3.50,2024-01-01,2054-01-01
LN_CLN_658,Borrower 658,CA,194980,6.50,2024-01-01,2054-01-01
LN_CLN_659,Borrower 659,CA,395581,4.10,2024-01-01,2054-01-01
LN_CLN_660,Borrower 660,CA,365050,6.50,2024-01-01,2054-01-01
LN_CLN_661,Borrower 661,CA,273375,3.70,2024-01-01,2054-01-01
LN_CLN_662,Borrower 662,CA,313077,6.70,2024-01-01,2054-01-01
LN_CLN_663,Borrower 663,CA,443936,5.60,2024-01-01,2054-01-01
LN_CLN_664,Borrower 664,CA,95174,6.80,2024-01-01,2054-01-01
LN_CLN_665,Borrower 665,CA,128706,3.30,2024-01-01,2054-01-01
LN_CLN_666,Borrower 666,CA,417436,9.40,2024-01-01,2054-01-01
LN_CLN_667,Borrower 667,CA,451534,1.30,2024-01-01,2054-01-01
LN_CLN_668,Borrower 668,CA,482405,4.10,2024-01-01,2054-01-01
LN_CLN_669,Borrower 669,CA,235389,1.00,2024-01-01,2054-01-01
LN_CLN_670,Borrower 670,CA,327997,9.80,2024-01-01,2054-01-01
LN_CLN_671,Borrower 671,CA,168986,9.10,2024-01-01,2054-01-01
LN_CLN_672,Borrower 672,CA,343397,5.10,2024-01-01,2054-01-01
LN_CLN_673,Borrower 673,CA,258411,1.70,2024-01-01,2054-01-01
LN_CLN_674,Borrower 674,CA,175975,2.00,2024-01-01,2054-01-01
LN_CLN_675,Borrower 675,CA,337773,3.10,2024-01-01,2054-01-01
LN_CLN_676,Borrower 676,CA,239468,5.90,2024-01-01,2054-01-01
LN_CLN_677,Borrower 677,CA,109268,3.50,2024-01-01,2054-01-01
LN_CLN_678,Borrower 678,CA,136132,8.90,2024-01-01,2054-01-01
LN_CLN_679,Borrower 679,CA,268168,1.60,2024-01-01,2054-01-01
LN_CLN_680,Borrower 680,CA,211578,9.20,2024-01-01,2054-01-01
LN_CLN_681,Borrower 681,CA,51530,2.40,2024-01-01,2054-01-01
LN_CLN_682,Borrower 682,CA,210061,6.10,2024-01-01,2054-01-01
LN_CLN_683,Borrower 683,CA,420623,3.70,2024-01-01,2054-01-01
LN_CLN_684,Borrower 684,CA,457306,8.70,2024-01-01,2054-01-01
LN_CLN_685,Borrower 685,CA,178792,1.40,2024-01-01,2054-01-01
LN_CLN_686,Borrower 686,CA,65148,9.40,2024-01-01,2054-01-01
LN_CLN_687,Borrower 687,CA,125026,5.30,2024-01-01,2054-01-01
LN_CLN_688,Borrower 688,CA,216509,4.40,2024-01-01,2054-01-01
LN_CLN_689,Borrower 689,CA,289119,5.80,2024-01-01,2054-01-01
LN_CLN_690,Borrower 690,CA,467384,7.90,2024-01-01,2054-01-01
LN_CLN_691,Borrower 691,CA,292177,6.00,2024-01-01,2054-01-01
LN_CLN_692,Borrower 692,CA,147950,9.30,2024-01-01,2054-01-01
LN_CLN_693,Borrower 693,CA,64981,4.90,2024-01-01,2054-01-01
LN_CLN_694,Borrower 694,CA,149019,7.60,2024-01-01,2054-01-01
LN_CLN_695,Borrower 695,CA,278996,2.10,2024-01-01,2054-01-01
LN_CLN_696,Borrower 696,CA,494949,6.10,2024-01-01,2054-01-01
LN_CLN_697,Borrower 697,CA,450628,6.30,2024-01-01,2054-01-01
LN_CLN_698,Borrower 698,CA,149025,9.10,2024-01-01,2054-01-01
LN_CLN_699,Borrower 699,CA,238602,2.20,2024-01-01,2054-01-01
LN_CLN_700,Borrower 700,CA,430467,4.70,2024-01-01,2054-01-01
LN_CLN_701,Borrower 701,CA,199656,2.90,2024-01-01,2054-01-01
LN_CLN_702,Borrower 702,CA,81911,5.40,2024-01-01,2054-01-01
LN_CLN_703,Borrower 703,CA,102038,9.30,2024-01-01,2054-01-01
LN_CLN_704,Borrower 704,CA,155719,3.70,2024-01-01,2054-01-01
LN_CLN_705,Borrower 705,CA,386537,3.50,2024-01-01,2054-01-01
LN_CLN_706,Borrower 706,CA,475645,8.60,2024-01-01,2054-01-01
LN_CLN_707,Borrower 707,CA,394423,1.30,2024-01-01,2054-01-01
LN_CLN_708,Borrower 708,CA,229999,1.10,2024-01-01,2054-01-01
LN_CLN_709,Borrower 709,CA,150488,9.90,2024-01-01,2054-01-01
LN_CLN_710,Borrower 710,CA,356410,4.70,2024-01-01,2054-01-01
LN_CLN_711,Borrower 711,CA,413361,2.20,2024-01-01,2054-01-01
LN_CLN_712,Borrower 712,CA,365101,5.20,2024-01-01,2054-01-01
LN_CLN_713,Borrower 713,CA,350322,1.00,2024-01-01,2054-01-01
LN_CLN_714,Borrower 714,CA,319650,3.10,2024-01-01,2054-01-01
LN_CLN_715,Borrower 715,CA,387960,9.00,2024-01-01,2054-01-01
LN_CLN_716,Borrower 716,CA,374067,9.30,2024-01-01,2054-01-01
LN_CLN_717,Borrower 717,CA,444233,9.00,2024-01-01,2054-01-01
LN_CLN_718,Borrower 718,CA,451282,8.90,2024-01-01,2054-01-01
LN_CLN_719,Borrower 719,CA,374333,7.30,2024-01-01,2054-01-01
LN_CLN_720,Borrower 720,CA,234766,6.70,2024-01-01,2054-01-01
LN_CLN_721,Borrower 721,CA,446915,2.60,2024-01-01,2054-01-01
LN_CLN_722,Borrower 722,CA,263211,6.80,2024-01-01,2054-01-01
LN_CLN_723,Borrower 723,CA,126301,9.60,2024-01-01,2054-01-01
LN_CLN_724,Borrower 724,CA,488959,8.00,2024-01-01,2054-01-01
LN_CLN_725,Borrower 725,CA,435916,7.60,2024-01-01,2054-01-01
LN_CLN_726,Borrower 726,CA,186997,6.70,2024-01-01,2054-01-01
LN_CLN_727,Borrower 727,CA,101142,6.70,2024-01-01,2054-01-01
LN_CLN_728,Borrower 728,CA,362877,4.80,2024-01-01,2054-01-01
LN_CLN_729,Borrower 729,CA,58034,3.30,2024-01-01,2054-01-01
LN_CLN_730,Borrower 730,CA,291828,1.50,2024-01-01,2054-01-01
LN_CLN_731,Borrower 731,CA,100891,6.60,2024-01-01,2054-01-01
LN_CLN_732,Borrower 732,CA,210662,2.60,2024-01-01,2054-01-01
LN_CLN_733,Borrower 733,CA,492168,1.50,2024-01-01,2054-01-01
LN_CLN_734,Borrower 734,CA,349091,3.30,2024-01-01,2054-01-01
LN_CLN_735,Borrower 735,CA,332851,4.10,2024-01-01,2054-01-01
LN_CLN_736,Borrower 736,CA,463148,1.50,2024-01-01,2054-01-01
LN_CLN_737,Borrower 737,CA,106249,6.80,2024-01-01,2054-01-01
LN_CLN_738,Borrower 738,CA,327355,1.00,2024-01-01,2054-01-01
LN_CLN_739,Borrower 739,CA,79136,9.30,2024-01-01,2054-01-01
LN_CLN_740,Borrower 740,CA,452221,2.40,2024-01-01,2054-01-01
LN_CLN_741,Borrower 741,CA,487515,6.60,2024-01-01,2054-01-01
LN_CLN_742,Borrower 742,CA,317066,8.60,2024-01-01,2054-01-01
LN_CLN_743,Borrower 743,CA,170815,1.80,2024-01-01,2054-01-01
LN_CLN_744,Borrower 744,CA,444179,8.70,2024-01-01,2054-01-01
LN_CLN_745,Borrower 745,CA,65944,7.80,2024-01-01,2054-01-01
LN_CLN_746,Borrower 746,CA,64265,9.10,2024-01-01,2054-01-01
LN_CLN_747,Borrower 747,CA,277810,4.40,2024-01-01,2054-01-01
LN_CLN_748,Borrower 748,CA,82720,1.60,2024-01-01,2054-01-01
LN_CLN_749,Borrower 749,CA,393374,2.20,2024-01-01,2054-01-01
LN_CLN_750,Borrower 750,CA,486009,1.50,2024-01-01,2054-01-01
LN_CLN_751,Borrower 751,CA,286795,2.00,2024-01-01,2054-01-01
LN_CLN_752,Borrower 752,CA,479153,3.50,2024-01-01,2054-01-01
LN_CLN_753,Borrower 753,CA,444295,5.00,2024-01-01,2054-01-01
LN_CLN_754,Borrower 754,CA,265909,10.00,2024-01-01,2054-01-01
LN_CLN_755,Borrower 755,CA,314393,4.70,2024-01-01,2054-01-01
LN_CLN_756,Borrower 756,CA,285954,8.70,2024-01-01,2054-01-01
LN_CLN_757,Borrower 757,CA,496850,7.60,2024-01-01,2054-01-01
LN_CLN_758,Borrower 758,CA,314030,3.60,2024-01-01,2054-01-01
LN_CLN_759,Borrower 759,CA,159846,2.40,2024-01-01,2054-01-01
LN_CLN_760,Borrower 760,CA,412466,9.00,2024-01-01,2054-01-01
LN_CLN_761,Borrower 761,CA,308023,8.00,2024-01-01,2054-01-01
LN_CLN_762,Borrower 762,CA,410935,3.70,2024-01-01,2054-01-01
LN_CLN_763,Borrower 763,CA,115733,8.00,2024-01-01,2054-01-01
LN_CLN_764,Borrower 764,CA,367888,2.80,2024-01-01,2054-01-01
LN_CLN_765,Borrower 765,CA,446034,6.20,2024-01-01,2054-01-01
LN_CLN_766,Borrower 766,CA,232012,1.20,2024-01-01,2054-01-01
LN_CLN_767,Borrower 767,CA,297373,7.10,2024-01-01,2054-01-01
LN_CLN_768,Borrower 768,CA,367312,10.00,2024-01-01,2054-01-01
LN_CLN_769,Borrower 769,CA,347364,9.70,2024-01-01,2054-01-01
LN_CLN_770,Borrower 770,CA,222208,2.40,2024-01-01,2054-01-01
LN_CLN_771,Borrower 771,CA,295037,9.80,2024-01-01,2054-01-01
LN_CLN_772,Borrower 772,CA,344626,9.20,2024-01-01,2054-01-01
LN_CLN_773,Borrower 773,CA,220297,6.10,2024-01-01,2054-01-01
LN_CLN_774,Borrower 774,CA,296629,5.20,2024-01-01,2054-01-01
LN_CLN_775,Borrower 775,CA,287376,1.80,2024-01-01,2054-01-01
LN_CLN_776,Borrower 776,CA,270387,9.30,2024-01-01,2054-01-01
LN_CLN_777,Borrower 777,CA,218643,4.90,2024-01-01,2054-01-01
LN_CLN_778,Borrower 778,CA,379558,10.00,2024-01-01,2054-01-01
LN_CLN_779,Borrower 779,CA,266454,9.90,2024-01-01,2054-01-01
LN_CLN_780,Borrower 780,CA,52729,5.80,2024-01-01,2054-01-01
LN_CLN_781,Borrower 781,CA,434466,1.50,2024-01-01,2054-01-01
LN_CLN_782,Borrower 782,CA,207594,2.80,2024-01-01,2054-01-01
LN_CLN_783,Borrower 783,CA,284248,8.40,2024-01-01,2054-01-01
LN_CLN_784,Borrower 784,CA,424465,1.00,2024-01-01,2054-01-01
LN_CLN_785,Borrower 785,CA,114308,8.00,2024-01-01,2054-01-01
LN_CLN_786,Borrower 786,CA,258505,4.10,2024-01-01,2054-01-01
LN_CLN_787,Borrower 787,CA,67750,2.20,2024-01-01,2054-01-01
LN_CLN_788,Borrower 788,CA,181104,4.30,2024-01-01,2054-01-01
LN_CLN_789,Borrower 789,CA,58243,9.00,2024-01-01,2054-01-01
LN_CLN_790,Borrower 790,CA,323492,9.10,2024-01-01,2054-01-01
LN_CLN_791,Borrower 791,CA,308248,8.40,2024-01-01,2054-01-01
LN_CLN_792,Borrower 792,CA,207012,8.80,2024-01-01,2054-01-01
LN_CLN_793,Borrower 793,CA,362093,5.80,2024-01-01,2054-01-01
LN_CLN_794,Borrower 794,CA,179198,6.10,2024-01-01,2054-01-01
LN_CLN_795,Borrower 795,CA,191780,5.60,2024-01-01,2054-01-01
LN_CLN_796,Borrower 796,CA,202020,10.00,2024-01-01,2054-01-01
LN_CLN_797,Borrower 797,CA,189511,7.90,2024-01-01,2054-01-01
LN_CLN_798,Borrower 798,CA,117645,7.60,2024-01-01,2054-01-01
LN_CLN_799,Borrower 799,CA,76740,5.00,2024-01-01,2054-01-01
LN_CLN_800,Borrower 800,CA,249165,2.80,2024-01-01,2054-01-01
LN_CLN_801,Borrower 801,CA,141719,2.80,2024-01-01,2054-01-01
LN_CLN_802,Borrower 802,CA,336686,6.50,2024-01-01,2054-01-01
LN_CLN_803,Borrower 803,CA,407556,9.80,2024-01-01,2054-01-01
LN_CLN_804,Borrower 804,CA,180205,7.50,2024-01-01,2054-01-01
LN_CLN_805,Borrower 805,CA,234526,5.80,2024-01-01,2054-01-01
LN_CLN_806,Borrower 806,CA,395757,1.10,2024-01-01,2054-01-01
LN_CLN_807,Borrower 807,CA,409560,7.30,2024-01-01,2054-01-01
LN_CLN_808,Borrower 808,CA,102044,2.90,2024-01-01,2054-01-01
LN_CLN_809,Borrower 809,CA,52843,6.90,2024-01-01,2054-01-01
LN_CLN_810,Borrower 810,CA,165542,8.10,2024-01-01,2054-01-01
LN_CLN_811,Borrower 811,CA,365151,6.70,2024-01-01,2054-01-01
LN_CLN_812,Borrower 812,CA,358650,3.50,2024-01-01,2054-01-01
LN_CLN_813,Borrower 813,CA,172635,3.80,2024-01-01,2054-01-01
LN_CLN_814,Borrower 814,CA,97034,9.00,2024-01-01,2054-01-01
LN_CLN_815,Borrower 815,CA,224790,9.60,2024-01-01,2054-01-01
LN_CLN_816,Borrower 816,CA,60351,3.60,2024-01-01,2054-01-01
LN_CLN_817,Borrower 817,CA,288511,8.20,2024-01-01,2054-01-01
LN_CLN_818,Borrower 818,CA,312266,2.00,2024-01-01,2054-01-01
LN_CLN_819,Borrower 819,CA,133663,4.50,2024-01-01,2054-01-01
LN_CLN_820,Borrower 820,CA,190611,6.60,2024-01-01,2054-01-01
LN_CLN_821,Borrower 821,CA,145156,4.50,2024-01-01,2054-01-01
LN_CLN_822,Borrower 822,CA,356947,6.70,2024-01-01,2054-01-01
LN_CLN_823,Borrower 823,CA,119405,9.00,2024-01-01,2054-01-01
LN_CLN_824,Borrower 824,CA,250238,8.20,2024-01-01,2054-01-01
LN_CLN_825,Borrower 825,CA,274363,7.50,2024-01-01,2054-01-01
LN_CLN_826,Borrower 826,CA,255196,1.00,2024-01-01,2054-01-01
LN_CLN_827,Borrower 827,CA,264833,5.00,2024-01-01,2054-01-01
LN_CLN_828,Borrower 828,CA,318621,8.90,2024-01-01,2054-01-01
LN_CLN_829,Borrower 829,CA,287233,5.60,2024-01-01,2054-01-01
LN_CLN_830,Borrower 830,CA,326675,6.80,2024-01-01,2054-01-01
LN_CLN_831,Borrower 831,CA,445436,3.10,2024-01-01,2054-01-01
LN_CLN_832,Borrower 832,CA,405212,2.20,2024-01-01,2054-01-01
LN_CLN_833,Borrower 833,CA,317137,9.40,2024-01-01,2054-01-01
LN_CLN_834,Borrower 834,CA,450155,1.50,2024-01-01,2054-01-01
LN_CLN_835,Borrower 835,CA,386198,5.70,2024-01-01,2054-01-01
LN_CLN_836,Borrower 836,CA,271728,4.60,2024-01-01,2054-01-01
LN_CLN_837,Borrower 837,CA,329388,1.70,2024-01-01,2054-01-01
LN_CLN_838,Borrower 838,CA,193957,9.40,2024-01-01,2054-01-01
LN_CLN_839,Borrower 839,CA,68186,4.50,2024-01-01,2054-01-01
LN_CLN_840,Borrower 840,CA,457950,5.10,2024-01-01,2054-01-01
LN_CLN_841,Borrower 841,CA,156519,4.40,2024-01-01,2054-01-01
LN_CLN_842,Borrower 842,CA,483162,7.70,2024-01-01,2054-01-01
LN_CLN_843,Borrower 843,CA,480234,2.90,2024-01-01,2054-01-01
LN_CLN_844,Borrower 844,CA,382514,9.40,2024-01-01,2054-01-01
LN_CLN_845,Borrower 845,CA,164333,9.00,2024-01-01,2054-01-01
LN_CLN_846,Borrower 846,CA,475017,3.10,2024-01-01,2054-01-01
LN_CLN_847,Borrower 847,CA,306515,3.70,2024-01-01,2054-01-01
LN_CLN_848,Borrower 848,CA,464118,7.80,2024-01-01,2054-01-01
LN_CLN_849,Borrower 849,CA,391293,6.20,2024-01-01,2054-01-01
LN_CLN_850,Borrower 850,CA,148355,3.90,2024-01-01,2054-01-01
LN_CLN_851,Borrower 851,CA,235905,3.80,2024-01-01,2054-01-01
LN_CLN_852,Borrower 852,CA,177079,9.40,2024-01-01,2054-01-01
LN_CLN_853,Borrower 853,CA,297145,1.30,2024-01-01,2054-01-01
LN_CLN_854,Borrower 854,CA,375482,7.60,2024-01-01,2054-01-01
LN_CLN_855,Borrower 855,CA,307793,2.60,2024-01-01,2054-01-01
LN_CLN_856,Borrower 856,CA,396371,6.30,2024-01-01,2054-01-01
LN_CLN_857,Borrower 857,CA,480106,5.00,2024-01-01,2054-01-01
LN_CLN_858,Borrower 858,CA,107134,4.70,2024-01-01,2054-01-01
LN_CLN_859,Borrower 859,CA,356323,1.20,2024-01-01,2054-01-01
LN_CLN_860,Borrower 860,CA,265703,4.60,2024-01-01,2054-01-01
LN_CLN_861,Borrower 861,CA,272953,8.20,2024-01-01,2054-01-01
LN_CLN_862,Borrower 862,CA,411475,5.10,2024-01-01,2054-01-01
LN_CLN_863,Borrower 863,CA,224285,1.60,2024-01-01,2054-01-01
LN_CLN_864,Borrower 864,CA,51874,1.00,2024-01-01,2054-01-01
LN_CLN_865,Borrower 865,CA,448828,9.30,2024-01-01,2054-01-01
LN_CLN_866,Borrower 866,CA,268953,6.10,2024-01-01,2054-01-01
LN_CLN_867,Borrower 867,CA,415438,4.30,2024-01-01,2054-01-01
LN_CLN_868,Borrower 868,CA,54947,9.80,2024-01-01,2054-01-01
LN_CLN_869,Borrower 869,CA,389898,8.30,2024-01-01,2054-01-01
LN_CLN_870,Borrower 870,CA,322760,5.00,2024-01-01,2054-01-01
LN_CLN_871,Borrower 871,CA,438278,7.80,2024-01-01,2054-01-01
LN_CLN_872,Borrower 872,CA,330465,7.70,2024-01-01,2054-01-01
LN_CLN_873,Borrower 873,CA,65019,2.10,2024-01-01,2054-01-01
LN_CLN_874,Borrower 874,CA,196613,5.20,2024-01-01,2054-01-01
LN_CLN_875,Borrower 875,CA,245814,8.00,2024-01-01,2054-01-01
LN_CLN_876,Borrower 876,CA,389299,2.20,2024-01-01,2054-01-01
LN_CLN_877,Borrower 877,CA,430910,1.90,2024-01-01,2054-01-01
LN_CLN_878,Borrower 878,CA,169971,4.80,2024-01-01,2054-01-01
LN_CLN_879,Borrower 879,CA,423416,5.70,2024-01-01,2054-01-01
LN_CLN_880,Borrower 880,CA,464972,5.90,2024-01-01,2054-01-01
LN_CLN_881,Borrower 881,CA,357529,4.20,2024-01-01,2054-01-01
LN_CLN_882,Borrower 882,CA,238969,9.50,2024-01-01,2054-01-01
LN_CLN_883,Borrower 883,CA,120586,2.90,2024-01-01,2054-01-01
LN_CLN_884,Borrower 884,CA,139910,5.60,2024-01-01,2054-01-01
LN_CLN_885,Borrower 885,CA,116892,9.50,2024-01-01,2054-01-01
LN_CLN_886,Borrower 886,CA,222487,9.10,2024-01-01,2054-01-01
LN_CLN_887,Borrower 887,CA,52394,9.40,2024-01-01,2054-01-01
LN_CLN_888,Borrower 888,CA,293460,1.20,2024-01-01,2054-01-01
LN_CLN_889,Borrower 889,CA,70328,4.70,2024-01-01,2054-01-01
LN_CLN_890,Borrower 890,CA,479553,3.20,2024-01-01,2054-01-01
LN_CLN_891,Borrower 891,CA,148051,2.90,2024-01-01,2054-01-01
LN_CLN_892,Borrower 892,CA,462070,6.40,2024-01-01,2054-01-01
LN_CLN_893,Borrower 893,CA,179316,1.90,2024-01-01,2054-01-01
LN_CLN_894,Borrower 894,CA,212488,1.30,2024-01-01,2054-01-01
LN_CLN_895,Borrower 895,CA,336328,1.90,2024-01-01,2054-01-01
LN_CLN_896,Borrower 896,CA,140723,6.30,2024-01-01,2054-01-01
LN_CLN_897,Borrower 897,CA,262021,2.80,2024-01-01,2054-01-01
LN_CLN_898,Borrower 898,CA,131174,4.50,2024-01-01,2054-01-01
LN_CLN_899,Borrower 899,CA,90512,5.60,2024-01-01,2054-01-01
LN_CLN_900,Borrower 900,CA,59040,5.10,2024-01-01,2054-01-01
LN_CLN_901,Borrower 901,CA,497228,8.50,2024-01-01,2054-01-01
LN_CLN_902,Borrower 902,CA,383709,6.40,2024-01-01,2054-01-01
LN_CLN_903,Borrower 903,CA,304493,4.40,2024-01-01,2054-01-01
LN_CLN_904,Borrower 904,CA,142501,2.10,2024-01-01,2054-01-01
LN_CLN_905,Borrower 905,CA,383893,7.10,2024-01-01,2054-01-01
LN_CLN_906,Borrower 906,CA,476307,6.40,2024-01-01,2054-01-01
LN_CLN_907,Borrower 907,CA,256438,7.20,2024-01-01,2054-01-01
LN_CLN_908,Borrower 908,CA,473760,6.10,2024-01-01,2054-01-01
LN_CLN_909,Borrower 909,CA,464306,4.30,2024-01-01,2054-01-01
LN_CLN_910,Borrower 910,CA,391989,6.20,2024-01-01,2054-01-01
LN_CLN_911,Borrower 911,CA,407117,1.20,2024-01-01,2054-01-01
LN_CLN_912,Borrower 912,CA,420935,3.50,2024-01-01,2054-01-01
LN_CLN_913,Borrower 913,CA,487141,7.10,2024-01-01,2054-01-01
LN_CLN_914,Borrower 914,CA,61011,1.90,2024-01-01,2054-01-01
LN_CLN_915,Borrower 915,CA,436855,7.90,2024-01-01,2054-01-01
LN_CLN_916,Borrower 916,CA,80279,1.00,2024-01-01,2054-01-01
LN_CLN_917,Borrower 917,CA,248920,2.10,2024-01-01,2054-01-01
LN_CLN_918,Borrower 918,CA,377773,4.50,2024-01-01,2054-01-01
LN_CLN_919,Borrower 919,CA,109445,8.10,2024-01-01,2054-01-01
LN_CLN_920,Borrower 920,CA,330610,5.60,2024-01-01,2054-01-01
LN_CLN_921,Borrower 921,CA,97194,2.00,2024-01-01,2054-01-01
LN_CLN_922,Borrower 922,CA,213811,7.70,2024-01-01,2054-01-01
LN_CLN_923,Borrower 923,CA,226800,10.00,2024-01-01,2054-01-01
LN_CLN_924,Borrower 924,CA,263382,1.50,2024-01-01,2054-01-01
LN_CLN_925,Borrower 925,CA,411680,2.10,2024-01-01,2054-01-01
LN_CLN_926,Borrower 926,CA,484113,6.10,2024-01-01,2054-01-01
LN_CLN_927,Borrower 927,CA,214009,7.10,2024-01-01,2054-01-01
LN_CLN_928,Borrower 928,CA,80338,7.20,2024-01-01,2054-01-01
LN_CLN_929,Borrower 929,CA,182498,9.00,2024-01-01,2054-01-01
LN_CLN_930,Borrower 930,CA,184823,4.50,2024-01-01,2054-01-01
LN_CLN_931,Borrower 931,CA,486684,5.20,2024-01-01,2054-01-01
LN_CLN_932,Borrower 932,CA,68179,3.50,2024-01-01,2054-01-01
LN_CLN_933,Borrower 933,CA,332822,4.70,2024-01-01,2054-01-01
LN_CLN_934,Borrower 934,CA,287269,5.50,2024-01-01,2054-01-01
LN_CLN_935,Borrower 935,CA,313579,2.40,2024-01-01,2054-01-01
LN_CLN_936,Borrower 936,CA,114791,9.30,2024-01-01,2054-01-01
LN_CLN_937,Borrower 937,CA,117183,5.70,2024-01-01,2054-01-01
LN_CLN_938,Borrower 938,CA,287539,7.90,2024-01-01,2054-01-01
LN_CLN_939,Borrower 939,CA,376760,3.70,2024-01-01,2054-01-01
LN_CLN_940,Borrower 940,CA,319798,3.90,2024-01-01,2054-01-01
LN_CLN_941,Borrower 941,CA,376718,4.00,2024-01-01,2054-01-01
LN_CLN_942,Borrower 942,CA,266673,8.70,2024-01-01,2054-01-01
LN_CLN_943,Borrower 943,CA,195659,4.00,2024-01-01,2054-01-01
LN_CLN_944,Borrower 944,CA,135697,7.20,2024-01-01,2054-01-01
LN_CLN_945,Borrower 945,CA,321087,4.00,2024-01-01,2054-01-01
LN_CLN_946,Borrower 946,CA,189392,1.80,2024-01-01,2054-01-01
LN_CLN_947,Borrower 947,CA,201723,8.10,2024-01-01,2054-01-01
LN_CLN_948,Borrower 948,CA,204191,5.10,2024-01-01,2054-01-01
LN_CLN_949,Borrower 949,CA,71647,9.40,2024-01-01,2054-01-01
LN_CLN_950,Borrower 950,CA,469658,9.20,2024-01-01,2054-01-01
LN_CLN_951,Borrower 951,CA,473753,4.10,2024-01-01,2054-01-01
LN_CLN_952,Borrower 952,CA,212856,1.50,2024-01-01,2054-01-01
LN_CLN_953,Borrower 953,CA,322399,9.30,2024-01-01,2054-01-01
LN_CLN_954,Borrower 954,CA,428320,7.90,2024-01-01,2054-01-01
LN_CLN_955,Borrower 955,CA,392104,4.40,2024-01-01,2054-01-01
LN_CLN_956,Borrower 956,CA,203971,1.30,2024-01-01,2054-01-01
LN_CLN_957,Borrower 957,CA,180054,4.40,2024-01-01,2054-01-01
LN_CLN_958,Borrower 958,CA,325440,3.70,2024-01-01,2054-01-01
LN_CLN_959,Borrower 959,CA,332251,5.60,2024-01-01,2054-01-01
LN_CLN_960,Borrower 960,CA,161570,7.80,2024-01-01,2054-01-01
LN_CLN_961,Borrower 961,CA,466254,8.70,2024-01-01,2054-01-01
LN_CLN_962,Borrower 962,CA,183285,4.60,2024-01-01,2054-01-01
LN_CLN_963,Borrower 963,CA,277456,5.90,2024-01-01,2054-01-01
LN_CLN_964,Borrower 964,CA,415144,5.90,2024-01-01,2054-01-01
LN_CLN_965,Borrower 965,CA,285206,2.20,2024-01-01,2054-01-01
LN_CLN_966,Borrower 966,CA,220437,9.20,2024-01-01,2054-01-01
LN_CLN_967,Borrower 967,CA,244554,3.40,2024-01-01,2054-01-01
LN_CLN_968,Borrower 968,CA,58862,2.50,2024-01-01,2054-01-01
LN_CLN_969,Borrower 969,CA,347168,7.90,2024-01-01,2054-01-01
LN_CLN_970,Borrower 970,CA,170684,8.30,2024-01-01,2054-01-01
LN_CLN_971,Borrower 971,CA,491249,5.60,2024-01-01,2054-01-01
LN_CLN_972,Borrower 972,CA,68014,8.90,2024-01-01,2054-01-01
LN_CLN_973,Borrower 973,CA,247187,6.10,2024-01-01,2054-01-01
LN_CLN_974,Borrower 974,CA,385921,7.00,2024-01-01,2054-01-01
LN_CLN_975,Borrower 975,CA,292562,2.00,2024-01-01,2054-01-01
LN_CLN_976,Borrower 976,CA,332434,4.10,2024-01-01,2054-01-01
LN_CLN_977,Borrower 977,CA,131057,7.10,2024-01-01,2054-01-01
LN_CLN_978,Borrower 978,CA,490528,3.80,2024-01-01,2054-01-01
LN_CLN_979,Borrower 979,CA,189117,7.30,2024-01-01,2054-01-01
LN_CLN_980,Borrower 980,CA,95726,9.40,2024-01-01,2054-01-01
LN_CLN_981,Borrower 981,CA,362316,3.40,2024-01-01,2054-01-01
LN_CLN_982,Borrower 982,CA,159139,1.50,2024-01-01,2054-01-01
LN_CLN_983,Borrower 983,CA,297111,4.70,2024-01-01,2054-01-01
LN_CLN_984,Borrower 984,CA,153107,6.80,2024-01-01,2054-01-01
LN_CLN_985,Borrower 985,CA,140865,4.80,2024-01-01,2054-01-01
LN_CLN_986,Borrower 986,CA,333222,8.00,2024-01-01,2054-01-01
LN_CLN_987,Borrower 987,CA,281777,2.90,2024-01-01,2054-01-01
LN_CLN_988,Borrower 988,CA,225846,6.40,2024-01-01,2054-01-01
LN_CLN_989,Borrower 989,CA,207562,1.30,2024-01-01,2054-01-01
LN_CLN_990,Borrower 990,CA,431819,10.00,2024-01-01,2054-01-01
LN_CLN_991,Borrower 991,CA,198145,7.20,2024-01-01,2054-01-01
LN_CLN_992,Borrower 992,CA,184385,9.90,2024-01-01,2054-01-01
LN_CLN_993,Borrower 993,CA,89446,7.20,2024-01-01,2054-01-01
LN_CLN_994,Borrower 994,CA,281374,6.00,2024-01-01,2054-01-01
LN_CLN_995,Borrower 995,CA,470142,1.00,2024-01-01,2054-01-01
LN_CLN_996,Borrower 996,CA,362377,4.90,2024-01-01,2054-01-01
LN_CLN_997,Borrower 997,CA,101877,8.00,2024-01-01,2054-01-01
LN_CLN_998,Borrower 998,CA,441417,9.00,2024-01-01,2054-01-01
LN_CLN_999,Borrower 999,CA,478052,8.70,2024-01-01,2054-01-01
LN_CLN_1000,Borrower 1000,CA,488562,1.70,2024-01-01,2054-01-01